,address,name
0,481 Derek Hill,Herman LLC
1,1 Valley Edge Drive,Fisher-Keeling
2,2083 Northview Avenue,Satterfield and Sons
3,1591 Utah Avenue,Yost and Sons
4,655 Eastlawn Junction,Medhurst and Sons
5,6 Shoshone Pass,Vandervort-Anderson
6,143 Portage Street,"Wintheiser, Nolan and Quigley"
7,2871 7th Drive,"Huels, Anderson and Ernser"
8,9986 Lunder Terrace,Schoen and Sons
9,62 Rutledge Junction,Greenfelder and Sons
10,642 Colorado Street,"Cassin, Effertz and Spinka"
11,70 Dayton Trail,Brakus and Sons
12,8 Eagan Point,"Lind, Heidenreich and Lueilwitz"
13,7794 Corry Hill,Donnelly Group
14,80 Service Place,"Jaskolski, Rodriguez and Zemlak"
15,72 Bonner Plaza,Cummerata Group
16,005 Portage Alley,"Hane, Lowe and Senger"
17,1920 Montana Way,"Legros, Grant and Gutmann"
18,44 Esker Junction,Mayer Group
19,55337 Gulseth Drive,Schimmel Inc
20,83 East Place,Spencer-Ward
21,053 Texas Park,Beatty-Murazik
22,38547 Farmco Road,Yundt Group
23,2 Maryland Terrace,Weber-Wolf
24,3519 Lakewood Gardens Drive,"Towne, Satterfield and Daugherty"
25,4 Mockingbird Junction,"Rutherford, Schmidt and Ryan"
26,7034 Victoria Point,Larkin and Sons
27,648 Anthes Way,Altenwerth and Sons
28,8 Northview Trail,Kuphal-Fadel
29,59 Heffernan Lane,Wiegand Group
30,0457 Carioca Drive,Hessel LLC
31,22 Debs Place,Gibson Inc
32,8 Roxbury Lane,"Hudson, Turner and Bergnaum"
33,92746 Knutson Trail,Donnelly Group
34,21 Chinook Street,Dietrich-Ortiz
35,0737 Ronald Regan Road,"Vandervort, White and Koch"
36,4 Buhler Terrace,"Fisher, Fay and Goyette"
37,718 Autumn Leaf Avenue,Friesen-Collins
38,5442 Melrose Street,Little and Sons
39,2 Park Meadow Street,Kutch-VonRueden
40,43062 Northfield Crossing,Green Inc
41,0 Dixon Center,Batz-Cummings
42,9030 Lerdahl Place,Mann-Little
43,8 Sycamore Parkway,Schuppe-Auer
44,402 Schlimgen Place,"Halvorson, Towne and Satterfield"
45,76790 Bowman Trail,Kreiger Group
46,8 6th Way,"Kohler, Hagenes and Feeney"
47,4 Melby Pass,McCullough LLC
48,607 Vermont Place,Fahey LLC
49,69 Loftsgordon Lane,"Stoltenberg, Gibson and Koelpin"
50,06 Bowman Park,"Friesen, Murazik and Purdy"
51,0 Aberg Place,Sauer-Schaefer
52,852 Clarendon Alley,Baumbach and Sons
53,7 Colorado Alley,"VonRueden, Beier and Sauer"
54,0 Sachs Alley,"Gottlieb, Cremin and Wuckert"
55,563 Nevada Park,Halvorson Inc
56,23 Commercial Avenue,Williamson LLC
57,1 Main Road,Mertz-Predovic
58,316 Novick Lane,"Collier, Schmidt and Bahringer"
59,08 Cherokee Street,"Harris, Ankunding and Davis"
60,88 Springview Crossing,"Ankunding, Yost and Legros"
61,358 Sycamore Alley,Bergstrom-O'Reilly
62,06196 Northview Drive,Stark LLC
63,8 Waubesa Hill,"Shields, Bruen and Klocko"
64,8072 Barnett Hill,"Heidenreich, Hackett and Crist"
65,42 Mcguire Center,Kemmer Inc
66,2 Express Terrace,Balistreri-Farrell
67,38260 Shasta Lane,"Okuneva, Harris and Stoltenberg"
68,22421 Upham Terrace,Schuppe-Jenkins
69,9 Garrison Parkway,King-Baumbach
70,54994 Westerfield Street,Schaden-Rutherford
71,426 Kinsman Point,Kuhlman-Muller
72,81325 Northwestern Place,Reynolds-O'Connell
73,71 Annamark Junction,Swaniawski-Konopelski
74,884 Daystar Crossing,Reichel LLC
75,8 Rusk Road,Haag LLC
76,23214 Truax Crossing,"Stiedemann, Wintheiser and Leannon"
77,85223 Trailsway Street,Goodwin LLC
78,612 Schiller Place,Pouros LLC
79,9 Fuller Point,Kutch Group
80,441 Westend Place,Borer Group
81,06837 6th Trail,Murazik-Medhurst
82,2 Ramsey Terrace,"Nader, Rowe and Rodriguez"
83,3450 Crowley Pass,Waelchi-Trantow
84,8 Westerfield Point,Harvey-Cruickshank
85,6 Warner Drive,"Hyatt, Weimann and Block"
86,4445 Gerald Court,Halvorson Group
87,842 Katie Road,"Roob, Ledner and Feeney"
88,17 Southridge Park,"Vandervort, Hilll and Dibbert"
89,3 Vera Parkway,"Eichmann, Schultz and Huel"
90,18 Manitowish Terrace,"Littel, Doyle and Lesch"
91,24 Farwell Parkway,"Lehner, Bruen and Larson"
92,6 Cody Drive,"Breitenberg, Toy and Bogisich"
93,3555 Logan Alley,Kuhic Inc
94,24 Talmadge Junction,Block Inc
95,1311 Rutledge Plaza,Emard and Sons
96,845 Mcbride Road,Altenwerth-Shields
97,125 Butternut Drive,Kub and Sons
98,521 Vidon Trail,"Osinski, Schmidt and Marks"
99,3 Coleman Court,Kling Group
100,30 Dennis Circle,"Howell, Schowalter and Hyatt"
101,65 Corben Junction,"Stoltenberg, Windler and Bradtke"
102,53 4th Crossing,Altenwerth Inc
103,4891 Thierer Park,Nolan-Haag
104,159 Montana Way,Waelchi Inc
105,95 Lukken Park,"Crona, Mante and Turner"
106,996 Fallview Circle,Hettinger-Jacobi
107,33757 Towne Park,Olson Inc
108,4331 Surrey Junction,"Hills, Halvorson and Schowalter"
109,01 Hintze Point,Metz-Kris
110,7 Lyons Pass,"Little, Kreiger and Kihn"
111,22 Haas Plaza,Collins Group
112,197 Hallows Plaza,Armstrong LLC
113,36073 Vahlen Lane,"Abshire, Jacobi and Krajcik"
114,41 Ramsey Parkway,Morar-Weimann
115,162 6th Plaza,"Wisoky, Lemke and Trantow"
116,799 Oak Valley Way,"Kiehn, Becker and Paucek"
117,34 Hoffman Plaza,"Rogahn, Nader and Wintheiser"
118,49 Kedzie Terrace,"Koss, Kautzer and Beahan"
119,37150 Aberg Way,Vandervort and Sons
120,64 Gateway Junction,Runte-Pouros
121,60756 Forest Dale Road,Jast-Daugherty
122,577 Spohn Center,"Grady, Vandervort and Erdman"
123,8608 Continental Court,"Rolfson, Bailey and Hermiston"
124,626 Forest Run Circle,"Marvin, Pollich and Murphy"
125,82836 Corscot Junction,Parker Group
126,480 1st Parkway,DuBuque-Kuhn
127,891 Oneill Terrace,Block-O'Kon
128,157 Lakewood Way,Durgan-Wolf
129,980 Leroy Drive,"Monahan, Rodriguez and Koepp"
130,59194 Hintze Avenue,Denesik Inc
131,39 Sage Place,"Haag, Collins and Weimann"
132,48 Eliot Terrace,Goodwin and Sons
133,24828 Oriole Trail,Jones LLC
134,719 Spohn Point,"Hahn, Zulauf and Hintz"
135,4002 Schlimgen Way,Gerlach Group
136,83 Charing Cross Crossing,"Koelpin, Hauck and Runolfsdottir"
137,286 Dennis Drive,Adams-Krajcik
138,16310 Carioca Plaza,Champlin Group
139,758 Memorial Place,"Reichert, Padberg and Flatley"
140,20 Browning Trail,"Mitchell, Kub and O'Hara"
141,980 Sherman Terrace,"Schamberger, Jaskolski and Ferry"
142,32953 Cordelia Alley,"Crooks, Fritsch and Howell"
143,4 Chive Avenue,"Tromp, Johnston and Murray"
144,8 Buell Court,Kub and Sons
145,29 Goodland Pass,Cummerata and Sons
146,72634 Esch Parkway,Vandervort LLC
147,4114 Autumn Leaf Court,Wisozk LLC
148,68 Susan Drive,Mayert-Schaden
149,23 Merchant Park,"Muller, Kuvalis and Fritsch"
150,72 Commercial Street,"Romaguera, Hayes and Wolf"
151,3589 Bashford Court,"Larson, Purdy and Lemke"
152,21 Del Mar Way,"Huel, Senger and Armstrong"
153,5346 Forest Dale Park,"Weimann, Kihn and Mraz"
154,16 Division Road,Okuneva and Sons
155,556 Kings Circle,Abernathy-Mosciski
156,8853 Basil Crossing,Bayer-Frami
157,2559 Ryan Circle,VonRueden-Treutel
158,39 Roxbury Plaza,"Gerhold, Stracke and Fritsch"
159,542 Grover Lane,Stamm and Sons
160,11 Pleasure Alley,Hettinger Group
161,153 Independence Hill,McKenzie Group
162,082 Ludington Hill,Rempel Inc
163,5 Gateway Place,Adams-Oberbrunner
164,79459 Corben Point,Cremin and Sons
165,8 Thackeray Way,Langosh and Sons
166,99 High Crossing Circle,Goyette LLC
167,23 Esker Crossing,"Schneider, Pagac and Johnson"
168,5647 Mesta Street,Stanton-Huels
169,34431 Nancy Lane,Dare Inc
170,319 Reinke Place,Larkin-Graham
171,129 Logan Hill,Brown-Luettgen
172,85 3rd Junction,"Zulauf, Kovacek and Okuneva"
173,8269 Charing Cross Drive,Schoen Group
174,3 Trailsway Pass,Hessel-Hammes
175,1651 Thompson Point,Predovic Group
176,91 Nova Street,Reichel-Grimes
177,8566 Larry Place,Rau and Sons
178,99034 Holy Cross Lane,Gulgowski Inc
179,87556 Messerschmidt Point,Champlin-Kozey
180,76770 Erie Trail,Kemmer Inc
181,7 Sutteridge Drive,Becker Group
182,4133 Thompson Trail,Gerhold-Romaguera
183,7 Twin Pines Plaza,"O'Keefe, Watsica and Satterfield"
184,9436 Sage Lane,"Kreiger, Upton and Lind"
185,51173 Di Loreto Parkway,Hettinger Group
186,2019 Mayfield Road,"Langosh, Harvey and Eichmann"
187,8 Johnson Road,Champlin-Roob
188,59 Dennis Street,"Halvorson, Kutch and Hagenes"
189,343 Fair Oaks Drive,Walker-Lueilwitz
190,8 La Follette Avenue,Hansen Group
191,658 Monica Junction,Glover-Hoeger
192,56839 Colorado Junction,"Braun, Beatty and Goodwin"
193,65 Spenser Parkway,"Bogisich, Konopelski and Cruickshank"
194,3 Monument Pass,Rolfson-Vandervort
195,21 Summit Plaza,"Oberbrunner, Fay and O'Keefe"
196,376 Browning Parkway,Marvin and Sons
197,120 Merchant Parkway,Rowe Group
198,9393 Jana Point,Cruickshank-Kovacek
199,75993 Prairieview Point,"Prohaska, Hagenes and Doyle"
200,70273 Hintze Hill,Sauer-Harris
201,33504 Brown Court,"Mraz, Hoppe and Considine"
202,0 Meadow Vale Hill,"Paucek, Strosin and Abshire"
203,10 Mariners Cove Alley,Hirthe LLC
204,66999 Harbort Circle,Skiles-Hackett
205,88989 Crescent Oaks Circle,Christiansen-Walter
206,2 Harper Drive,"Reichert, Vandervort and Mraz"
207,9 Everett Hill,Bogisich Group
208,955 Farmco Parkway,"Tromp, Gusikowski and Berge"
209,217 Buhler Way,Kozey-Kautzer
210,271 Evergreen Way,Smitham Group
211,0 Sachs Park,Jones-Weber
212,581 Gateway Way,Emmerich and Sons
213,93113 Holy Cross Plaza,"Stokes, Corkery and Larkin"
214,17655 Rockefeller Trail,Witting Group
215,57 Pankratz Pass,King-Stamm
216,6715 Kings Drive,"MacGyver, Crooks and Upton"
217,5 Pond Pass,Kuphal-Torphy
218,051 Morning Circle,Berge-Veum
219,0 Oakridge Center,Franecki-Hirthe
220,869 Esch Road,Miller Group
221,6 Burrows Hill,Maggio Inc
222,164 Tennessee Avenue,Kautzer Inc
223,0277 Carioca Lane,Grimes-Schaden
224,66 Toban Pass,West-Wolf
225,2413 Maryland Point,Ernser and Sons
226,77 Moland Circle,Howe and Sons
227,5380 Troy Hill,Rogahn and Sons
228,2 Huxley Trail,Tillman and Sons
229,09 Brentwood Alley,Kemmer-Kuhic
230,00 Utah Way,"Lowe, Schinner and Terry"
231,72 Park Meadow Pass,Parker-Ledner
232,7911 Orin Alley,Cronin Group
233,25 Goodland Junction,Bergnaum and Sons
234,94 Donald Avenue,"Hirthe, Frami and Flatley"
235,676 Delladonna Trail,Stroman Group
236,231 Forest Park,Kuvalis-Littel
237,7 Dapin Point,Huel-Lueilwitz
238,96039 Sauthoff Circle,"Russel, Mayer and Carroll"
239,4962 Warbler Place,Feeney LLC
240,399 East Avenue,"Dooley, Ankunding and Jenkins"
241,714 Larry Crossing,Powlowski-Stark
242,52 Badeau Alley,Gulgowski-Schmeler
243,683 Hudson Place,Gusikowski-Sanford
244,8936 Gulseth Hill,Nicolas-Wilderman
245,47 Nelson Point,Rosenbaum-Jast
246,92 Dakota Road,"O'Hara, Boyle and Welch"
247,774 Columbus Center,Keeling and Sons
248,6 Schurz Parkway,"Stark, Lueilwitz and Gorczany"
249,53 Arapahoe Junction,Mueller LLC
250,595 Montana Circle,Hirthe LLC
251,55 Briar Crest Trail,Pollich-Stracke
252,01431 Oak Valley Center,Wilkinson-Swaniawski
253,5 Mayfield Plaza,McDermott-Grimes
254,839 Old Gate Street,"Greenholt, Leuschke and Stehr"
255,1851 Moulton Road,Kozey-Jakubowski
256,5645 Forest Run Junction,Wisoky Inc
257,6 Sage Place,Goyette-Moore
258,871 Moose Road,"Hagenes, Lowe and Gorczany"
259,42908 Sutherland Park,"MacGyver, McDermott and Volkman"
260,47951 Lindbergh Crossing,"Thiel, Von and Fadel"
261,184 Manufacturers Point,"Effertz, Wilkinson and Bogisich"
262,077 Sherman Pass,Cruickshank and Sons
263,92741 Dawn Circle,"Langosh, Ankunding and Rosenbaum"
264,2156 Quincy Park,Wehner Group
265,19 Prairie Rose Drive,"Kozey, McCullough and Nolan"
266,6538 Cottonwood Street,Okuneva Inc
267,0 Briar Crest Court,Schaden-Daugherty
268,225 Commercial Junction,Prosacco-Wolff
269,44486 Ludington Point,Kirlin-Deckow
270,80 Dennis Plaza,Reilly Group
271,7 Fieldstone Drive,Ankunding Group
272,88952 Bartillon Lane,"Carter, Romaguera and Paucek"
273,0 Glacier Hill Crossing,Larson LLC
274,5694 Glacier Hill Crossing,Mueller-Flatley
275,15911 Michigan Point,Howell-Funk
276,5 Cambridge Avenue,Lebsack-Zulauf
277,538 Russell Terrace,Kuhic LLC
278,7650 Myrtle Avenue,Greenfelder LLC
279,809 Sullivan Center,"Rau, Borer and Davis"
280,83 American Avenue,Kling-Greenfelder
281,528 Upham Court,Feest-Pollich
282,5 Luster Court,Harvey Inc
283,269 Summer Ridge Road,Denesik-Dibbert
284,55683 Clemons Street,Jones and Sons
285,3219 Meadow Vale Terrace,Smith and Sons
286,0039 Ronald Regan Street,Schultz Inc
287,9 Shelley Court,Yost and Sons
288,7498 Claremont Park,Stracke-Grady
289,06359 Longview Plaza,Denesik-Watsica
290,1423 Portage Circle,"Welch, Predovic and Powlowski"
291,321 Lakewood Hill,"Quitzon, Gleason and Willms"
292,472 Steensland Junction,Barton-Wilderman
293,536 Commercial Terrace,Rippin-Auer
294,27984 Blue Bill Park Plaza,Ullrich-Kohler
295,37 Ridgeway Place,"Skiles, Balistreri and Rippin"
296,1350 Pennsylvania Lane,"Swift, Boehm and Bechtelar"
297,4 Mcbride Trail,"Hahn, Goodwin and Aufderhar"
298,84 Garrison Point,Beier-Streich
299,885 Melvin Alley,Eichmann LLC
300,66828 Sloan Street,Adams Inc
301,89 Golden Leaf Way,"Koelpin, Hammes and Littel"
302,6021 Bultman Crossing,Emmerich-Murray
303,8 Mayer Avenue,"Hoppe, Moen and Wuckert"
304,59 Commercial Place,"Legros, Hoppe and Bergstrom"
305,83589 Nova Hill,"Osinski, Gusikowski and VonRueden"
306,6018 Birchwood Junction,Hodkiewicz-Tremblay
307,10828 Anniversary Point,Rohan Inc
308,24 Hallows Road,"Renner, Collins and Cummings"
309,14680 Mcguire Crossing,McDermott Group
310,530 Hoepker Park,Ebert and Sons
311,34218 Maywood Park,Schulist-Rodriguez
312,8 Lunder Lane,Predovic Inc
313,5166 Manley Park,"Gibson, Wilkinson and Bartell"
314,42357 2nd Street,Kemmer-Robel
315,859 Shasta Circle,Maggio-Hamill
316,83 Gulseth Trail,"Simonis, Romaguera and Bradtke"
317,168 Nancy Street,MacGyver-Goodwin
318,45166 Florence Junction,"Shields, Hoeger and Rau"
319,9498 Havey Drive,Tremblay-Maggio
320,065 Pawling Junction,Smitham-Gottlieb
321,913 Sloan Park,Schneider and Sons
322,76 Reinke Alley,Konopelski LLC
323,1963 1st Parkway,Crona-Little
324,3855 7th Lane,Berge and Sons
325,99 Center Trail,Sporer Inc
326,93656 Bunting Road,Champlin Inc
327,5572 Claremont Point,"Funk, Skiles and Kessler"
328,9 Valley Edge Junction,Harvey Group
329,08 Cordelia Avenue,"Schinner, Friesen and Bernier"
330,32 Melrose Alley,Keebler and Sons
331,733 Brickson Park Road,Schneider and Sons
332,54177 Troy Crossing,Smitham Group
333,49 3rd Court,Fay-Wilderman
334,082 Continental Park,Nader-Kshlerin
335,09 Donald Park,Blick-Kris
336,4 Surrey Alley,"Gorczany, Collins and Berge"
337,1 Waywood Lane,"Jacobson, Kuvalis and Stokes"
338,4653 Menomonie Pass,"Crona, Herman and Rosenbaum"
339,364 Loomis Plaza,Rohan-Pfannerstill
340,51 Ridgeway Place,"Prohaska, Mueller and Fadel"
341,27425 Cherokee Terrace,Adams and Sons
342,862 Jana Hill,Klein-Rippin
343,4 Menomonie Street,Collins-Tillman
344,9465 Ridge Oak Alley,"Grady, Balistreri and Kovacek"
345,2 Colorado Junction,Dietrich Inc
346,0140 Mccormick Point,Hamill LLC
347,6975 Russell Lane,Sanford-Nolan
348,99 Scoville Alley,Gaylord-Monahan
349,207 Harbort Circle,Kozey Group
350,37 Anniversary Junction,"Cummings, Runolfsson and Stoltenberg"
351,1 Hauk Drive,Kuphal LLC
352,73 Oakridge Drive,"O'Hara, Treutel and Johns"
353,51981 Kenwood Hill,"Braun, Connelly and Barrows"
354,75819 Novick Terrace,Bechtelar Group
355,88201 Upham Pass,Wisozk Group
356,226 Eggendart Lane,Wiza LLC
357,20 Vidon Plaza,Nicolas-Reilly
358,7183 Swallow Trail,Rogahn-Terry
359,95248 Summerview Pass,"Lindgren, Kreiger and Walker"
360,5356 Clarendon Terrace,Flatley Group
361,7369 Dennis Way,Walker Group
362,251 Hallows Junction,Roob and Sons
363,961 Ramsey Avenue,Bechtelar and Sons
364,51 Hagan Plaza,Koelpin LLC
365,63 Eliot Alley,Langosh Inc
366,6 Bobwhite Center,Rath LLC
367,545 Surrey Parkway,Schulist Group
368,9 Pennsylvania Junction,Zboncak-Quitzon
369,818 Sauthoff Place,"Rippin, Stehr and Buckridge"
370,23657 Declaration Plaza,Parisian-Hayes
371,27821 Bonner Place,"Schaefer, Skiles and Koelpin"
372,5 Del Sol Point,"Goldner, Hansen and Hegmann"
373,62 Atwood Junction,Rempel Inc
374,12510 Mosinee Terrace,Smith Group
375,68 Welch Point,Bartell LLC
376,23840 Bayside Street,Senger-Jacobs
377,603 Bluestem Hill,"Graham, Bernier and Daniel"
378,37 Holy Cross Lane,"Schinner, Auer and Herman"
379,49 Mallard Hill,"Koelpin, Crona and Padberg"
380,1 Lukken Hill,Ritchie-Treutel
381,2246 Tennyson Road,Gutmann-Funk
382,84129 Dottie Plaza,Murazik-Farrell
383,514 Moulton Drive,"Gislason, Kuhn and Little"
384,1 Fordem Lane,Veum and Sons
385,24211 Vernon Terrace,Ullrich-Ritchie
386,14360 International Drive,Parker-Weber
387,24 Acker Drive,Hermiston-Ratke
388,7 Fairview Parkway,Stracke Group
389,69 Shelley Avenue,Tremblay Inc
390,18822 Tony Park,"Hane, Morar and Runte"
391,28 Vermont Court,"Abshire, Mills and Koepp"
392,5761 Ryan Way,"O'Kon, Predovic and Yost"
393,2 Anderson Terrace,"Hessel, Swaniawski and Bergstrom"
394,7993 Corben Court,"Dickens, Donnelly and McLaughlin"
395,3262 Knutson Plaza,Zemlak-Weissnat
396,80209 7th Trail,"O'Keefe, Bergstrom and Kuhic"
397,54 Village Green Terrace,Will-Crooks
398,5 Maywood Trail,Farrell-Wintheiser
399,480 Northridge Road,Considine-Pfannerstill
400,6 Dennis Lane,Gerlach and Sons
401,71 Talmadge Alley,"Conroy, Cormier and Koch"
402,604 Kropf Plaza,Mills and Sons
403,53532 Arizona Way,Parisian-Huels
404,7 Thackeray Park,"Nader, Ledner and Goyette"
405,31 Rigney Court,Beier-Wilderman
406,7 Upham Point,"Ortiz, Schoen and King"
407,03 Bunting Avenue,Mertz-O'Conner
408,9277 Coleman Street,Mueller-Koelpin
409,69 Dakota Junction,Effertz-Treutel
410,70 Sycamore Pass,Howe-Douglas
411,914 Luster Drive,Labadie LLC
412,35298 5th Crossing,Gleason and Sons
413,5 Superior Trail,Predovic-Gottlieb
414,98 Superior Court,Wolf Group
415,78942 Mifflin Terrace,Konopelski-Schmeler
416,36 Pearson Pass,Thompson-Baumbach
417,7112 Scofield Drive,Bergnaum-Jerde
418,0931 Porter Alley,Davis Group
419,4895 Brentwood Junction,Schmitt-Stoltenberg
420,9 Shelley Alley,"Sauer, O'Connell and Schroeder"
421,857 Tony Way,Bailey-Rolfson
422,178 Derek Circle,Weimann Inc
423,92324 Sunnyside Park,Kuhic Inc
424,1683 Bowman Street,Hudson-O'Keefe
425,8 Norway Maple Parkway,Bins-Fritsch
426,35 Crowley Circle,"Labadie, Murray and Tillman"
427,91910 Spenser Parkway,"Flatley, Runolfsson and Murphy"
428,0365 Becker Place,Schumm LLC
429,88 Sullivan Crossing,"Stanton, Mueller and Gusikowski"
430,75 Victoria Crossing,Ruecker and Sons
431,8 Oneill Plaza,Schaden and Sons
432,05 Carpenter Circle,Rath-Upton
433,92 3rd Road,Hettinger LLC
434,966 Wayridge Crossing,"Kunde, Nicolas and Rath"
435,55 Debs Junction,Reilly-Mohr
436,31 Melvin Terrace,"Goyette, Wintheiser and Legros"
437,5698 Barby Circle,"Hyatt, Barton and Ratke"
438,117 Dottie Junction,Koelpin LLC
439,9 Spohn Park,Kozey and Sons
440,8 Calypso Trail,Steuber Inc
441,71 Crescent Oaks Parkway,Macejkovic-Murphy
442,94354 Miller Way,VonRueden Inc
443,67152 Northridge Avenue,Blanda Group
444,8348 Spaight Crossing,"Carroll, Conn and Carroll"
445,831 Hanover Court,"Powlowski, Armstrong and Waelchi"
446,22099 Pawling Circle,Casper Group
447,945 Bayside Place,Corkery-Medhurst
448,8 Roth Parkway,Kertzmann-Jaskolski
449,9 Corry Court,"Rempel, Vandervort and Welch"
450,3 Reindahl Junction,Lynch-Wyman
451,287 North Point,Mann LLC
452,21 Schiller Junction,Mraz Inc
453,7427 Memorial Point,Stracke LLC
454,360 Calypso Plaza,Becker-Bosco
455,48 Myrtle Road,Schumm Group
456,929 Mitchell Court,"Miller, Murphy and Schuppe"
457,03 Anzinger Point,Leannon-Hackett
458,66651 Talmadge Street,Shanahan-DuBuque
459,865 Granby Place,Auer-Barton
460,89 Canary Avenue,Grady-Parker
461,8 Forest Park,"Luettgen, Hudson and Kshlerin"
462,05700 Straubel Point,Feest-Reilly
463,73501 Northwestern Road,"Jakubowski, Klocko and Thiel"
464,25 Truax Circle,Considine and Sons
465,6 Melrose Way,"Murray, Sipes and Moore"
466,3474 Eagan Pass,Schroeder Group
467,92880 Saint Paul Lane,Hodkiewicz Inc
468,29 6th Plaza,Bauch LLC
469,70826 Springs Hill,Ziemann-Champlin
470,6 Homewood Center,Runolfsson Group
471,6 Mockingbird Road,Hickle Group
472,1837 Hudson Alley,Heller-Nienow
473,17 Springview Trail,"Trantow, Hand and Feil"
474,9852 Johnson Alley,Quitzon Inc
475,8 Evergreen Park,"Stehr, Watsica and Emmerich"
476,515 Eliot Court,Lakin LLC
477,54 Messerschmidt Pass,"Wunsch, Conroy and Champlin"
478,11209 Johnson Circle,Nienow LLC
479,5034 Hoepker Hill,Reichert-Emmerich
480,276 Anzinger Way,Schaefer-Streich
481,88252 Basil Lane,"Jones, Collins and Jacobs"
482,34 Sunnyside Road,Cremin Group
483,2733 Nelson Place,Anderson-Klocko
484,50 5th Road,Volkman-McClure
485,24644 Dovetail Parkway,Nolan and Sons
486,9261 Victoria Street,Bosco-Ullrich
487,28 Forest Dale Street,Cronin and Sons
488,9357 Garrison Lane,Davis-Leffler
489,686 Golf View Center,Witting-Braun
490,60 Homewood Street,Wolff-Bosco
491,2 Butternut Parkway,"McLaughlin, Armstrong and Koepp"
492,7 Harper Lane,White and Sons
493,3 Lindbergh Plaza,"Bayer, Kreiger and Haag"
494,2 Eastwood Court,"Carroll, Spinka and Yundt"
495,43500 Canary Street,"Hahn, Wintheiser and Bode"
496,36 Scott Road,Klocko LLC
497,309 Morrow Crossing,Pfeffer Inc
498,06 Melby Way,Graham Group
499,1 Tony Way,Bayer-Stanton
500,7 Fulton Pass,"Gusikowski, Roob and Rippin"
501,92965 Porter Way,Kuvalis and Sons
502,7 Farmco Road,O'Kon Group
503,2862 Schmedeman Road,Baumbach-Spinka
504,91139 Jenna Junction,Heidenreich-Schamberger
505,7307 Bellgrove Circle,"Pfannerstill, Glover and Herman"
506,296 Morrow Circle,Jones Inc
507,8 Old Shore Road,O'Kon LLC
508,6 Mcguire Parkway,"Greenholt, McCullough and Nienow"
509,9870 Village Center,Koepp Group
510,8934 Hallows Plaza,DuBuque-Paucek
511,79 Onsgard Court,Yost Group
512,33 Delaware Park,Beier LLC
513,385 Maryland Pass,Harvey-O'Connell
514,98687 Boyd Alley,Rippin-Funk
515,74383 Veith Place,"Macejkovic, Maggio and Green"
516,598 Delaware Place,Spencer-Blick
517,9145 Ramsey Alley,"Mraz, Harvey and Cummerata"
518,65 Butternut Pass,"Christiansen, Greenholt and Keebler"
519,2 Dawn Parkway,"Schultz, Reynolds and McDermott"
520,98010 Bay Lane,"Spencer, Maggio and Prosacco"
521,23725 Canary Road,"Sipes, Dicki and Weissnat"
522,01556 Pennsylvania Road,Robel-Durgan
523,82 Waxwing Way,"Gusikowski, Moore and Barrows"
524,9 Everett Hill,Bogisich LLC
525,0 Farragut Circle,Weimann Group
526,63704 Carpenter Avenue,Hudson Inc
527,737 Hooker Plaza,Lubowitz-Cassin
528,4 Sutherland Court,"Ratke, Kihn and Grant"
529,25 Barnett Terrace,"Batz, Lakin and Hackett"
530,8 Loftsgordon Lane,"Braun, Haag and Johnson"
531,9529 Oriole Park,Brakus Group
532,116 Buena Vista Plaza,Wintheiser Group
533,42140 Morning Court,"Abbott, Donnelly and Ruecker"
534,40 Mifflin Parkway,Cormier Inc
535,2 Knutson Alley,West and Sons
536,030 Derek Pass,Rath-Kuhlman
537,769 Pine View Street,"Connelly, Dare and Hamill"
538,27 Roth Circle,Kutch-Reichel
539,7 Graceland Way,"Crist, Murphy and Kovacek"
540,31131 Eastlawn Way,Gislason Group
541,096 Autumn Leaf Alley,Crona-Halvorson
542,5 Elka Way,Thompson-Lakin
543,4489 Northport Point,"Wiza, Heaney and Farrell"
544,484 Saint Paul Park,Kassulke Group
545,274 Montana Alley,Herzog Inc
546,699 Schurz Terrace,Flatley LLC
547,12175 Killdeer Trail,Halvorson Inc
548,7899 Jay Way,Quigley-Sawayn
549,423 Orin Park,"O'Keefe, Homenick and Block"
550,3531 Dunning Place,Zboncak-Leffler
551,10911 Superior Street,"Nikolaus, Legros and Hand"
552,8 Declaration Road,"Bayer, Berge and Wehner"
553,3073 Roth Hill,Langosh-Treutel
554,7 Lindbergh Way,Wolf LLC
555,34 Blue Bill Park Trail,Runolfsson-Blick
556,67 Buena Vista Drive,Jacobs Inc
557,47 Shopko Court,Streich LLC
558,8670 Eastlawn Way,"Robel, Veum and Hills"
559,79 Monument Place,O'Reilly-Labadie
560,485 Darwin Point,"Wisozk, O'Reilly and Kshlerin"
561,55465 Service Alley,Wisozk-Bogan
562,11525 Karstens Hill,Turcotte and Sons
563,3 Hoard Court,Littel-Wuckert
564,90 Heath Alley,Tremblay LLC
565,01 Di Loreto Hill,Boyer Inc
566,6963 Union Junction,Schuster LLC
567,30053 Warbler Way,"Bechtelar, Medhurst and Runolfsdottir"
568,4770 Coolidge Street,Torp-Feest
569,85 Pawling Drive,Durgan and Sons
570,5264 Rowland Way,Rutherford-Zemlak
571,1 Oneill Trail,"Gaylord, Carroll and Schaefer"
572,4335 Crescent Oaks Hill,DuBuque Group
573,0860 Eggendart Alley,"Schamberger, Miller and VonRueden"
574,73 Rigney Place,Cremin-Stanton
575,66758 Paget Trail,Williamson-Bailey
576,91 Commercial Center,"Connelly, Dickens and Lockman"
577,1 Sycamore Point,Dickinson LLC
578,18 Beilfuss Plaza,Douglas LLC
579,267 Crest Line Hill,King Inc
580,252 Scott Parkway,Pouros and Sons
581,0 Ridgeway Terrace,Kling Inc
582,26380 Hoepker Street,"Watsica, Zieme and Gulgowski"
583,0 Messerschmidt Trail,Eichmann-Hudson
584,43 Florence Parkway,Bauch-Wuckert
585,534 Sutherland Court,Swift LLC
586,86332 Melrose Street,Gleichner-Bergnaum
587,68 Roxbury Drive,O'Reilly LLC
588,3 Anniversary Way,"Deckow, Murray and Friesen"
589,8288 Gale Plaza,Auer and Sons
590,4 Huxley Alley,Herzog-Hermiston
591,3 Jana Circle,Leffler-Farrell
592,52 Crescent Oaks Pass,"Blick, Mayert and Gusikowski"
593,158 Tennessee Crossing,Bosco LLC
594,27 Vidon Trail,Russel Inc
595,11594 Birchwood Parkway,Windler-Fay
596,70 La Follette Circle,Schmeler-Kunde
597,35276 Forster Avenue,Gislason-Bogan
598,571 Scofield Junction,Homenick Inc
599,32929 Union Court,Bergnaum Group
600,0 Nevada Park,Mueller-Kihn
601,40 Lyons Point,Bernhard-Fisher
602,989 2nd Lane,Trantow-Dooley
603,1927 Harbort Pass,Predovic Group
604,34519 Harper Point,Streich Inc
605,703 Nova Lane,Cruickshank-Schneider
606,1 Buell Place,Kerluke-Jaskolski
607,7 Knutson Crossing,"Hyatt, Jenkins and Ankunding"
608,74 Miller Point,"Volkman, Will and Schimmel"
609,0130 Ramsey Center,Beatty-Harber
610,37676 Hollow Ridge Way,Kub Inc
611,25430 Towne Way,"Jakubowski, Rowe and Hudson"
612,7751 Burning Wood Junction,"Tromp, Altenwerth and Reichert"
613,791 Blue Bill Park Way,"Jacobi, Hand and Treutel"
614,13 Jenna Trail,Davis-Kris
615,9063 Everett Hill,"Harris, Anderson and Lowe"
616,54 Fieldstone Lane,"Reichert, Bogisich and Tromp"
617,74930 Dovetail Terrace,Nienow LLC
618,2899 Algoma Court,"Frami, DuBuque and Tremblay"
619,6 Graedel Circle,Leffler-Leuschke
620,39431 Spenser Place,"Hansen, Schulist and Schulist"
621,569 Sullivan Drive,"Grady, Dibbert and Runolfsdottir"
622,453 Graceland Crossing,Reichert-Leannon
623,7 Sullivan Court,Hilpert-Schumm
624,9 Pepper Wood Road,"Bartoletti, Mohr and Grant"
625,369 Ilene Center,Bartoletti-Willms
626,24 Cody Plaza,Padberg and Sons
627,5057 Monument Junction,O'Hara Group
628,5615 Scott Center,"Wisozk, Cassin and Dach"
629,345 Veith Point,Bartell-Hermiston
630,29587 Green Ridge Center,Lueilwitz and Sons
631,3851 Maple Pass,Gleichner-Stoltenberg
632,59233 Kennedy Road,Keebler-Hammes
633,01850 Pierstorff Plaza,Friesen and Sons
634,760 Logan Avenue,Yost-Runte
635,7463 Bultman Court,Cummerata LLC
636,1 Schmedeman Crossing,Hyatt Group
637,499 Summer Ridge Way,Farrell-Bartell
638,83863 Hauk Terrace,Hettinger LLC
639,02 Anderson Trail,Nienow and Sons
640,51935 Drewry Hill,"Kuhlman, Kohler and Ernser"
641,63450 Cardinal Parkway,Tremblay-Willms
642,8 Warner Avenue,"Kirlin, Morissette and Goodwin"
643,0102 Pawling Lane,"Howell, Aufderhar and Hagenes"
644,0513 Brown Center,Runolfsson Group
645,26 Starling Trail,Kub-Marquardt
646,83986 Loomis Pass,"Muller, Little and Ryan"
647,34 Butterfield Lane,"Kuhlman, Jenkins and Batz"
648,136 Schurz Terrace,"Rau, Smitham and Ryan"
649,60 Buena Vista Center,"Ward, Erdman and VonRueden"
650,50 Schurz Avenue,Boyle Inc
651,1 Parkside Crossing,Batz LLC
652,0287 Center Parkway,Cummings-Kunde
653,576 Garrison Court,Maggio Group
654,75 7th Center,Green and Sons
655,892 Swallow Alley,"Klein, Hand and Zboncak"
656,2972 Farmco Street,Fay-Yundt
657,67291 Lake View Plaza,"Kutch, O'Kon and Carter"
658,3 Aberg Crossing,Donnelly-Rippin
659,18 Mendota Alley,"Bosco, Brakus and Bogan"
660,49 Pankratz Crossing,Grimes-Buckridge
661,21 Glendale Road,Barrows LLC
662,856 Nancy Circle,Volkman-Lind
663,1910 Green Ridge Court,"Mohr, Beahan and Sawayn"
664,816 Briar Crest Lane,Kling LLC
665,64947 Milwaukee Parkway,Romaguera Inc
666,68 Harbort Center,Konopelski Group
667,77 Swallow Way,Terry Inc
668,47121 Algoma Drive,"Yundt, Tromp and Wiza"
669,263 Mockingbird Parkway,"Hickle, Spencer and Hackett"
670,9 Sheridan Hill,Gleichner-Wilderman
671,0800 Maywood Lane,"Durgan, Ritchie and Runolfsdottir"
672,52019 Schmedeman Hill,"Boyle, Raynor and Gislason"
673,3 Lotheville Trail,"Auer, West and McLaughlin"
674,234 Sutherland Court,Murazik Group
675,6505 2nd Place,Borer LLC
676,8 Browning Park,Wyman-Legros
677,9 Holmberg Plaza,Jacobson-Wuckert
678,87104 Arkansas Plaza,Wiegand and Sons
679,4 Warner Terrace,Will Inc
680,6683 Karstens Parkway,Gottlieb-Brown
681,44 Superior Alley,Lind and Sons
682,8 Derek Way,Hilpert-Douglas
683,70 Schlimgen Plaza,Towne-Welch
684,196 Florence Avenue,"Leannon, O'Connell and Cummerata"
685,6057 Nelson Place,Hettinger Group
686,66423 Summerview Drive,Ruecker and Sons
687,0 Riverside Street,"Strosin, Hermann and Osinski"
688,98456 Maryland Road,Hilpert Inc
689,5770 Monterey Street,Bartoletti-Mertz
690,9 Autumn Leaf Court,Tillman-Yost
691,29 Atwood Pass,Nitzsche and Sons
692,5 Killdeer Place,Gerhold-Purdy
693,39 David Place,Steuber-D'Amore
694,253 Becker Crossing,Dickens Inc
695,29285 Mendota Lane,Morissette-Carroll
696,23 Oxford Hill,"Dickens, Franecki and Ebert"
697,420 Oak Valley Drive,Bayer-Prosacco
698,175 Butterfield Avenue,"Hand, Rau and Flatley"
699,49389 Sutherland Street,"Brown, Bode and Bailey"
700,3541 Schlimgen Alley,Hirthe-Ziemann
701,247 Pine View Hill,Stokes Inc
702,267 American Ash Trail,"Block, Deckow and Kirlin"
703,0823 Stone Corner Junction,"Rosenbaum, Cremin and Crona"
704,14416 Eagan Park,"Gibson, Wisoky and Nader"
705,68 Truax Way,"Larkin, Jerde and Trantow"
706,207 Becker Place,"Swaniawski, Hintz and Beatty"
707,209 Banding Trail,Wehner Group
708,12268 Hooker Point,Beatty-Hoeger
709,8137 Meadow Vale Court,"Hayes, Lang and Robel"
710,5861 Chive Alley,Swaniawski Inc
711,928 Jackson Plaza,Glover-Keeling
712,2936 Schiller Pass,"Feest, Flatley and Lowe"
713,267 Katie Parkway,Buckridge and Sons
714,93086 Elgar Parkway,"Greenholt, Mayer and Ryan"
715,852 Eastlawn Avenue,"Smith, Kutch and Grady"
716,9169 Golden Leaf Center,Prohaska Inc
717,962 Anzinger Alley,Cummings LLC
718,9 Di Loreto Terrace,Stehr-Kuhic
719,38 Haas Alley,Walter-Hoppe
720,273 Blaine Pass,"Schmitt, Lemke and Fisher"
721,87817 Cherokee Point,"Conn, Koepp and Rau"
722,188 Schlimgen Alley,Gerlach LLC
723,80 Sunnyside Plaza,Pfeffer LLC
724,01568 Hudson Road,Barton Inc
725,1244 Talmadge Terrace,"McKenzie, Bradtke and Davis"
726,517 Florence Trail,Rogahn-Wolf
727,227 Blaine Point,"Cummerata, Rutherford and Pagac"
728,42 Welch Junction,Beier Group
729,73 Cambridge Alley,"Oberbrunner, Fay and O'Connell"
730,67673 Saint Paul Street,Schoen-McKenzie
731,63 Oriole Terrace,Deckow Inc
732,2 Northwestern Hill,Lynch-Kessler
733,53 Annamark Pass,Simonis and Sons
734,88 Becker Alley,"Hoppe, Grady and Ratke"
735,452 Arizona Point,Purdy Inc
736,084 Starling Drive,Rippin Inc
737,3 5th Drive,Schinner-Hoeger
738,28447 Oakridge Trail,Stehr-Olson
739,10230 Summer Ridge Street,Veum LLC
740,69 Upham Way,Leffler-Emmerich
741,5838 Pierstorff Road,Hahn-Dare
742,7199 Chive Alley,O'Kon-Wolff
743,7269 Straubel Pass,"Russel, Rippin and Nienow"
744,5084 Loftsgordon Street,Kuhn LLC
745,90091 Eggendart Crossing,Beer and Sons
746,7 Bashford Court,"McClure, Johns and Kovacek"
747,7 Cherokee Avenue,O'Connell and Sons
748,81 1st Street,"Harris, Hirthe and Prosacco"
749,7788 Randy Park,"Gusikowski, Boyer and Ferry"
750,70203 Arapahoe Hill,"Kunde, Doyle and Block"
751,8592 Westport Park,Predovic Group
752,1849 Ridgeway Drive,Langworth-Murphy
753,99977 Victoria Terrace,Zemlak and Sons
754,7098 Carpenter Parkway,"Orn, Ryan and Gleason"
755,0355 Harper Point,"Conroy, Heidenreich and Schiller"
756,164 Grover Park,"Hintz, Marks and Fay"
757,233 Crest Line Drive,Mante Inc
758,018 Lunder Parkway,Flatley-Botsford
759,2906 Cody Crossing,Little-Gulgowski
760,387 Hayes Road,Corwin and Sons
761,93 Messerschmidt Way,Nader-Goldner
762,1013 Jackson Avenue,Beier Inc
763,292 Anthes Lane,"Hintz, Welch and Lowe"
764,56646 Vera Street,Jacobs LLC
765,5866 Burning Wood Plaza,Breitenberg-Windler
766,13265 Rusk Crossing,Runte and Sons
767,4 Northfield Pass,Considine LLC
768,1 Emmet Point,"Runolfsdottir, Turner and Borer"
769,5479 Fieldstone Street,"Jacobi, McClure and Purdy"
770,949 7th Trail,Lind-Pollich
771,94302 Charing Cross Parkway,Jones-Blanda
772,0 Hanson Road,"Kuhic, Larkin and Yost"
773,2466 Sage Junction,"Gibson, Schultz and White"
774,164 Alpine Street,Pacocha-Huel
775,3 Roth Pass,Streich-Feil
776,08067 Randy Road,Kilback Group
777,974 Prentice Road,Thompson and Sons
778,36 Eggendart Alley,Littel-Hoeger
779,6 Declaration Court,Ward-Steuber
780,80 Forster Junction,Greenholt Group
781,7 Village Green Point,"Effertz, Jacobi and Schmidt"
782,4 Anzinger Plaza,Stanton-Schaden
783,54609 Swallow Circle,Effertz-Crona
784,640 Harper Circle,"Beer, Schumm and Schuster"
785,57 Tomscot Plaza,Beahan Inc
786,5692 Karstens Point,Bradtke-Anderson
787,8 Charing Cross Street,"Wyman, Hodkiewicz and McLaughlin"
788,621 Mariners Cove Court,"Quitzon, Schaden and Wiegand"
789,81 Elgar Parkway,Hahn and Sons
790,764 Twin Pines Lane,Grimes and Sons
791,41321 Southridge Terrace,Nienow and Sons
792,8249 Brown Park,Halvorson-Lueilwitz
793,9667 Merchant Park,Williamson LLC
794,8301 Forest Run Trail,Kirlin-Willms
795,7169 Hallows Drive,Beier-Price
796,052 Utah Junction,Marks Inc
797,23 Moose Circle,Quigley and Sons
798,21 Macpherson Point,Gusikowski-Willms
799,43291 Delaware Point,Hilpert and Sons
800,3085 Fuller Parkway,"Cartwright, Christiansen and Sporer"
801,52849 Eastlawn Drive,Bergnaum-Ullrich
802,614 Autumn Leaf Way,"Friesen, Green and Dicki"
803,83934 Drewry Place,Swaniawski Group
804,82649 Mitchell Crossing,Spinka-Goyette
805,5488 Laurel Avenue,Kutch-Kshlerin
806,895 Brickson Park Circle,Roob-Kilback
807,8 Forest Dale Drive,Stark-Marquardt
808,45259 Monica Pass,"Block, Borer and Funk"
809,1755 Gale Way,Hamill Group
810,1577 Muir Lane,Spinka and Sons
811,63 Golden Leaf Junction,Hand-Cartwright
812,2 Lindbergh Street,Morar Inc
813,5007 Pawling Pass,"Lakin, Berge and Schoen"
814,64982 Drewry Parkway,Graham LLC
815,0 Menomonie Road,Smitham Group
816,43 4th Junction,"Glover, Krajcik and Cremin"
817,08 Mallory Lane,Little Group
818,00 Schmedeman Plaza,Homenick-Howell
819,1866 Lotheville Park,Sanford Group
820,639 Spenser Pass,"Braun, Mante and Huels"
821,56992 Elmside Park,Hodkiewicz-Stracke
822,4492 Northport Alley,Dicki-Daugherty
823,4273 Redwing Hill,"Hilll, Goldner and Gibson"
824,50 Arrowood Plaza,Ruecker-Lockman
825,5 Service Hill,Lubowitz Group
826,1 Bluejay Avenue,"Kerluke, Jerde and Gibson"
827,455 Bluestem Parkway,Hoppe-Mayert
828,36 Granby Circle,Tromp-Funk
829,716 Longview Street,Shanahan and Sons
830,3618 Holmberg Way,Wyman Group
831,55 Crescent Oaks Terrace,"Olson, Kling and McKenzie"
832,7 Lighthouse Bay Court,Keebler and Sons
833,21 Dorton Junction,"Heller, Kassulke and Ruecker"
834,15 Cordelia Way,"Fay, Windler and Hamill"
835,7 Redwing Way,Torphy and Sons
836,2 Knutson Crossing,"Macejkovic, Goldner and Lebsack"
837,60 Colorado Center,"O'Connell, Considine and Wiegand"
838,7 Towne Junction,"Lemke, Mosciski and Terry"
839,6 Reindahl Pass,"Jerde, Keebler and Corkery"
840,01 Pankratz Court,Howe Group
841,4996 Center Street,"Watsica, Hauck and Lueilwitz"
842,76 Orin Terrace,"Gutmann, Spinka and Stark"
843,24244 Bluestem Place,Carroll-Grimes
844,1372 Aberg Drive,"Ritchie, Ernser and Wiegand"
845,95 Comanche Hill,Friesen-Beahan
846,98809 Commercial Avenue,Beier-Hegmann
847,5803 Merry Crossing,Beer Group
848,199 Shelley Circle,"Jerde, Auer and Cremin"
849,11 Elka Trail,Thompson Group
850,954 Moose Parkway,Yost-Harris
851,2229 Raven Hill,"Weimann, Roberts and Muller"
852,57 Prairieview Terrace,"Leannon, Gulgowski and Kub"
853,370 Fuller Street,Cole Group
854,9 Dryden Parkway,"Hermiston, Ondricka and Abbott"
855,9 Lakeland Street,"Buckridge, Brekke and Leffler"
856,7604 Johnson Road,O'Reilly Inc
857,554 Muir Pass,Gerhold Inc
858,879 Lawn Way,Zboncak-Rempel
859,35625 Knutson Center,Von Inc
860,9788 Drewry Circle,Gottlieb LLC
861,78 Claremont Plaza,"Champlin, Emmerich and Sauer"
862,21 Ruskin Hill,Schimmel LLC
863,40 Miller Parkway,Lockman Inc
864,4 Lakewood Gardens Terrace,"Miller, Cummings and Schowalter"
865,56 Hoffman Park,Lehner LLC
866,19 Express Center,Herzog-Doyle
867,1 Stuart Trail,Simonis Inc
868,70 Stephen Drive,"Donnelly, Mante and Wehner"
869,802 Sullivan Point,Pfannerstill-Gusikowski
870,41 Bay Court,Nolan LLC
871,82 Monterey Terrace,Kessler LLC
872,27309 Reindahl Parkway,"Durgan, Champlin and Kunde"
873,605 Ridgeway Road,"Pagac, Hagenes and Marks"
874,2 Corscot Alley,"Krajcik, Towne and Lehner"
875,8699 Kedzie Drive,"Corwin, Bahringer and Hermann"
876,5345 Bluejay Trail,Jast Inc
877,7305 1st Lane,"Orn, Blick and Bergnaum"
878,458 Schlimgen Circle,Kutch LLC
879,56189 Dexter Road,Kertzmann and Sons
880,162 Sunfield Lane,Hegmann-Auer
881,3 Pond Hill,Stark Group
882,07 Lindbergh Street,Schinner Inc
883,400 Northland Terrace,"Bednar, VonRueden and Ratke"
884,2 Golf Course Avenue,"Schimmel, Simonis and Mayert"
885,2 Barby Terrace,Oberbrunner-Rempel
886,2336 Maple Wood Alley,Spencer-Miller
887,09 Stephen Place,Wiza-Thompson
888,88659 Lakewood Gardens Center,Flatley-Frami
889,0 Pierstorff Place,Sporer LLC
890,4 Welch Drive,"Vandervort, Beer and Kerluke"
891,8435 Duke Terrace,Kuvalis Group
892,24940 Clyde Gallagher Street,"Olson, Gerlach and Pollich"
893,874 Union Avenue,Murray-Gleason
894,4 Rigney Lane,Goldner-Mitchell
895,5 Londonderry Crossing,Larson LLC
896,800 Larry Crossing,Parisian and Sons
897,95233 Paget Point,"Brown, Jacobi and Trantow"
898,6 Corben Court,Weimann Inc
899,63721 Monterey Avenue,Dicki Inc
900,51149 Prentice Hill,Ratke-Schuppe
901,321 Waxwing Street,"Torphy, DuBuque and Gibson"
902,86 Ludington Hill,Balistreri-Vandervort
903,398 Grim Crossing,O'Kon LLC
904,24 Karstens Way,DuBuque-O'Reilly
905,434 Katie Trail,Treutel-Hayes
906,90 Havey Park,Stehr-Runte
907,141 Sloan Alley,Koepp Group
908,3 Trailsway Alley,"Beier, Beatty and Lubowitz"
909,7153 Forster Lane,"McKenzie, Langworth and Schoen"
910,59546 Swallow Junction,Medhurst-Will
911,2 Randy Alley,Braun Group
912,97 6th Plaza,Hermann-Beer
913,5 Glendale Drive,Reilly-Runolfsson
914,6 Springs Street,Lesch and Sons
915,95 Briar Crest Road,Hermann-Volkman
916,88 Crest Line Center,"Dibbert, Waters and Larkin"
917,7 Sugar Alley,"Jast, Graham and Denesik"
918,63 Clove Center,Hintz and Sons
919,6 Warner Court,Rath Inc
920,81602 Grover Way,O'Kon and Sons
921,064 Anniversary Circle,"Schmeler, Reichel and Monahan"
922,6651 Almo Hill,"Mante, Schimmel and Collins"
923,706 Messerschmidt Point,Stark-Mayert
924,7516 Butternut Court,Johnson LLC
925,83777 Kennedy Pass,"Marvin, Larson and Price"
926,487 Algoma Pass,Thompson Inc
927,932 Jenifer Way,Schultz-Kshlerin
928,12 Lakewood Gardens Crossing,"Kuphal, O'Reilly and Murray"
929,549 Nelson Road,Konopelski-Stanton
930,7 Randy Center,Thiel Group
931,33 Bartillon Terrace,Franecki-Treutel
932,3952 Hayes Avenue,Dietrich-Lang
933,057 Sachtjen Hill,"Pfannerstill, Nitzsche and McCullough"
934,969 Gulseth Drive,"Spinka, Johns and Kilback"
935,65566 Towne Pass,Ferry-Bednar
936,9023 Brentwood Park,Wunsch-Harber
937,3 Columbus Avenue,Stamm-Rau
938,50320 Loeprich Court,Greenholt LLC
939,8401 Corben Road,Kuvalis LLC
940,08 Old Shore Drive,Braun-Fay
941,141 Menomonie Way,Hamill-Murray
942,2588 Stang Junction,Shields-Ryan
943,16374 Granby Way,Gutmann-Hodkiewicz
944,5 Basil Pass,"Schmeler, Trantow and Schmeler"
945,64874 Mariners Cove Trail,Gottlieb-Reichert
946,08 Sunfield Junction,Wilderman-Kuphal
947,6 Holmberg Lane,"Hamill, Cronin and Collins"
948,99888 Riverside Parkway,Shields-Pfannerstill
949,3 American Plaza,Becker Group
950,8419 Maywood Point,Stokes-Hintz
951,487 Iowa Plaza,Hermiston and Sons
952,18918 Starling Junction,"Parker, Greenfelder and Macejkovic"
953,71792 Pleasure Park,Spinka-Herman
954,0604 Aberg Junction,"Kovacek, Lueilwitz and Metz"
955,625 Fairview Hill,Christiansen and Sons
956,51 Independence Alley,Considine-Kiehn
957,32 Lakeland Alley,Flatley Group
958,1 Lillian Alley,Wintheiser Group
959,5168 Pearson Pass,"Lehner, Turcotte and Swaniawski"
960,4114 Comanche Park,Stamm Inc
961,20 Fair Oaks Road,Lynch Inc
962,9 Ronald Regan Way,Witting and Sons
963,05284 Spenser Alley,Abernathy Inc
964,922 Butterfield Drive,Prosacco-Crist
965,9 International Street,Schiller-Prosacco
966,30183 Charing Cross Park,Schimmel Group
967,3 Crowley Terrace,"Harris, O'Connell and Koelpin"
968,5 Petterle Alley,Casper-Macejkovic
969,5806 Drewry Court,Wunsch and Sons
970,450 Village Trail,Kerluke-Davis
971,69166 Vahlen Street,Glover Group
972,68 Farragut Point,"Harris, Heller and Cartwright"
973,94 Linden Hill,Gorczany and Sons
974,82871 Golden Leaf Place,"West, Waelchi and VonRueden"
975,52681 Service Lane,Greenfelder LLC
976,1 Erie Point,Wuckert LLC
977,0287 Algoma Hill,Hermann Inc
978,539 Dottie Plaza,Kuhic Inc
979,512 Claremont Parkway,"Kunde, Marquardt and Rau"
980,7 Scofield Way,Hintz-Schiller
981,03856 Orin Court,"Yundt, Wolf and Mann"
982,808 Meadow Ridge Place,Stehr Group
983,8 Cottonwood Junction,"Waelchi, Padberg and Hessel"
984,732 Londonderry Place,Mohr and Sons
985,52 Emmet Terrace,Jenkins-Champlin
986,16 Sugar Crossing,Aufderhar LLC
987,87159 John Wall Trail,Hagenes Group
988,078 Golden Leaf Circle,Quitzon and Sons
989,4496 Hayes Road,Swaniawski-Hoppe
990,488 Rutledge Alley,Leffler LLC
991,8 Rigney Place,Boyle-Crona
992,58 Spaight Court,"Lesch, Koepp and Davis"
993,586 Fallview Street,Zemlak and Sons
994,54 Burning Wood Hill,Swift-Jacobson
995,575 Dapin Point,Heaney and Sons
996,04120 Redwing Way,Kautzer LLC
997,15 Haas Road,Wunsch Group
998,9 Pleasure Point,Anderson LLC
999,66 Ridge Oak Plaza,"Padberg, Johnston and Mosciski"
